date,txn_id,account_id,counterparty_id,direction,amount,channel,narration
2026-01-06 00:00:00+00:00,T121690001,DEMO-D-43612169,DEMO-D-43612169-INCOME-15,CR,7774.42,IMPS,income
2026-01-08 00:00:00+00:00,T121690002,DEMO-D-43612169,DEMO-D-43612169-VENDOR-11,DR,2530.9,UPI,household purchase
2026-01-13 00:00:00+00:00,T121690003,DEMO-D-43612169,SHG-SAVINGS,DR,593.41,UPI,monthly savings
2026-02-05 00:00:00+00:00,BD0,DEMO-D-43612169,CUSTOMER-0,CR,7617.211708458819,UPI,business
2026-02-06 00:00:00+00:00,T121690004,DEMO-D-43612169,DEMO-D-43612169-INCOME-14,CR,10788.11,IMPS,income
2026-02-08 00:00:00+00:00,T121690005,DEMO-D-43612169,DEMO-D-43612169-VENDOR-20,DR,1813.47,UPI,household purchase
2026-02-09 00:00:00+00:00,BD1,DEMO-D-43612169,CUSTOMER-1,DR,4447.847935352791,UPI,business
2026-02-13 00:00:00+00:00,T121690006,DEMO-D-43612169,SHG-SAVINGS,DR,588.2,UPI,monthly savings
2026-02-13 00:00:00+00:00,BD2,DEMO-D-43612169,CUSTOMER-2,CR,5851.360222769798,UPI,business
2026-02-17 00:00:00+00:00,BD3,DEMO-D-43612169,CUSTOMER-3,DR,5232.271706694546,UPI,business
2026-02-21 00:00:00+00:00,BD4,DEMO-D-43612169,CUSTOMER-4,CR,7869.458740635784,UPI,business
2026-02-25 00:00:00+00:00,BD5,DEMO-D-43612169,CUSTOMER-5,DR,7094.526856288516,UPI,business
2026-03-01 00:00:00+00:00,BD6,DEMO-D-43612169,CUSTOMER-6,CR,4382.942184732274,UPI,business
2026-03-05 00:00:00+00:00,BD7,DEMO-D-43612169,CUSTOMER-7,DR,4248.067111545366,UPI,business
2026-03-06 00:00:00+00:00,T121690007,DEMO-D-43612169,DEMO-D-43612169-INCOME-12,CR,7544.67,IMPS,income
2026-03-08 00:00:00+00:00,T121690008,DEMO-D-43612169,DEMO-D-43612169-VENDOR-5,DR,2696.57,UPI,household purchase
2026-03-09 00:00:00+00:00,BD8,DEMO-D-43612169,CUSTOMER-8,CR,5643.628890583392,UPI,business
2026-03-13 00:00:00+00:00,BD9,DEMO-D-43612169,CUSTOMER-9,DR,3352.81050357742,UPI,business
2026-03-13 00:00:00+00:00,T121690009,DEMO-D-43612169,SHG-SAVINGS,DR,257.03,UPI,monthly savings
2026-03-17 00:00:00+00:00,BD10,DEMO-D-43612169,CUSTOMER-10,CR,2975.756711930343,UPI,business
2026-03-21 00:00:00+00:00,BD11,DEMO-D-43612169,CUSTOMER-11,DR,3856.4226849922807,UPI,business
2026-03-25 00:00:00+00:00,BD12,DEMO-D-43612169,CUSTOMER-0,CR,5730.96386838448,UPI,business
2026-03-29 00:00:00+00:00,BD13,DEMO-D-43612169,CUSTOMER-1,DR,2541.0897793159766,UPI,business
2026-04-02 00:00:00+00:00,BD14,DEMO-D-43612169,CUSTOMER-2,CR,2996.711789153709,UPI,business
2026-04-06 00:00:00+00:00,BD15,DEMO-D-43612169,CUSTOMER-3,DR,3262.999338770146,UPI,business
2026-04-06 00:00:00+00:00,T121690010,DEMO-D-43612169,DEMO-D-43612169-INCOME-8,CR,8380.62,IMPS,income
2026-04-08 00:00:00+00:00,T121690011,DEMO-D-43612169,DEMO-D-43612169-VENDOR-16,DR,773.78,UPI,household purchase
2026-04-10 00:00:00+00:00,BD16,DEMO-D-43612169,CUSTOMER-4,CR,5277.445786405468,UPI,business
2026-04-13 00:00:00+00:00,T121690012,DEMO-D-43612169,SHG-SAVINGS,DR,422.51,UPI,monthly savings
2026-04-14 00:00:00+00:00,BD17,DEMO-D-43612169,CUSTOMER-5,DR,2297.8550089894957,UPI,business
2026-04-18 00:00:00+00:00,BD18,DEMO-D-43612169,CUSTOMER-6,CR,7797.0452475636475,UPI,business
2026-04-22 00:00:00+00:00,BD19,DEMO-D-43612169,CUSTOMER-7,DR,2259.809250748657,UPI,business
2026-04-26 00:00:00+00:00,BD20,DEMO-D-43612169,CUSTOMER-8,CR,2436.944021618504,UPI,business
2026-04-30 00:00:00+00:00,BD21,DEMO-D-43612169,CUSTOMER-9,DR,6162.761578996467,UPI,business
2026-05-04 00:00:00+00:00,BD22,DEMO-D-43612169,CUSTOMER-10,CR,1694.78246723651,UPI,business
2026-05-06 00:00:00+00:00,T121690013,DEMO-D-43612169,DEMO-D-43612169-INCOME-13,CR,5278.5,IMPS,income
2026-05-08 00:00:00+00:00,T121690014,DEMO-D-43612169,DEMO-D-43612169-VENDOR-7,DR,719.21,UPI,household purchase
2026-05-08 00:00:00+00:00,BD23,DEMO-D-43612169,CUSTOMER-11,DR,4036.0249514323864,UPI,business
2026-05-12 00:00:00+00:00,BD24,DEMO-D-43612169,CUSTOMER-0,CR,6630.152036916758,UPI,business
2026-05-13 00:00:00+00:00,T121690015,DEMO-D-43612169,SHG-SAVINGS,DR,389.17,UPI,monthly savings
2026-05-16 00:00:00+00:00,BD25,DEMO-D-43612169,CUSTOMER-1,DR,5202.113156498586,UPI,business
2026-05-20 00:00:00+00:00,BD26,DEMO-D-43612169,CUSTOMER-2,CR,1974.6215392652014,UPI,business
2026-05-24 00:00:00+00:00,BD27,DEMO-D-43612169,CUSTOMER-3,DR,3611.8821158274823,UPI,business
2026-05-28 00:00:00+00:00,BD28,DEMO-D-43612169,CUSTOMER-4,CR,5298.1493081162025,UPI,business
2026-06-01 00:00:00+00:00,BD29,DEMO-D-43612169,CUSTOMER-5,DR,7025.642121926676,UPI,business
2026-06-05 00:00:00+00:00,BD30,DEMO-D-43612169,CUSTOMER-6,CR,5126.041513273403,UPI,business
2026-06-06 00:00:00+00:00,T121690016,DEMO-D-43612169,DEMO-D-43612169-INCOME-20,CR,11828.76,IMPS,income
2026-06-08 00:00:00+00:00,T121690017,DEMO-D-43612169,DEMO-D-43612169-VENDOR-2,DR,916.41,UPI,household purchase
2026-06-09 00:00:00+00:00,BD31,DEMO-D-43612169,CUSTOMER-7,DR,2621.846240583862,UPI,business
2026-06-12 00:00:00+00:00,T121690028,DEMO-D-43612169,BANK-SERVICE,CR,59425.74,LOAN_DISBURSAL,SHG loan disbursal
2026-06-13 00:00:00+00:00,T121690018,DEMO-D-43612169,SHG-SAVINGS,DR,251.32,UPI,monthly savings
2026-06-13 00:00:00+00:00,BD32,DEMO-D-43612169,CUSTOMER-8,CR,2498.6104923302837,UPI,business
2026-06-17 00:00:00+00:00,BD33,DEMO-D-43612169,CUSTOMER-9,DR,4545.766779741133,UPI,business
2026-06-21 00:00:00+00:00,BD34,DEMO-D-43612169,CUSTOMER-10,CR,3029.175186246267,UPI,business
2026-06-26 00:00:00+00:00,T121690019,DEMO-D-43612169,SHG-REPAY,DR,2024.4,LOAN_REPAYMENT,loan repayment
2026-07-06 00:00:00+00:00,T121690020,DEMO-D-43612169,DEMO-D-43612169-INCOME-19,CR,8607.26,IMPS,income
2026-07-08 00:00:00+00:00,T121690021,DEMO-D-43612169,DEMO-D-43612169-VENDOR-9,DR,1389.47,UPI,household purchase
2026-07-13 00:00:00+00:00,T121690022,DEMO-D-43612169,SHG-SAVINGS,DR,291.55,UPI,monthly savings
2026-07-26 00:00:00+00:00,T121690023,DEMO-D-43612169,SHG-REPAY,DR,2159.83,LOAN_REPAYMENT,loan repayment
2026-08-06 00:00:00+00:00,T121690024,DEMO-D-43612169,DEMO-D-43612169-INCOME-27,CR,8649.9,IMPS,income
2026-08-08 00:00:00+00:00,T121690025,DEMO-D-43612169,DEMO-D-43612169-VENDOR-7,DR,2338.72,UPI,household purchase
2026-08-13 00:00:00+00:00,T121690026,DEMO-D-43612169,SHG-SAVINGS,DR,376.4,UPI,monthly savings
2026-08-26 00:00:00+00:00,T121690027,DEMO-D-43612169,SHG-REPAY,DR,3094.76,LOAN_REPAYMENT,loan repayment
